"NN166712","Ben Nevis","1344","NN","16675","71283","56.79684900","-5.0035250","Possibly from an old Gaelic word meaning venomous","M001","Loch Linnhe to Loch Ericht"
"NN989989","Ben Macdui","1309","NN","98899","98943","57.07036800","-3.6690990","Hill of the son of Duff","M002","Deeside to Speyside - The Cairngorms"
"NN953999","Braeriach","1296","NN","95327","99915","57.07829800","-3.7283890","Brindled greyish upper part","M003","Deeside to Speyside - The Cairngorms"
"NN963972","Cairn Toul","1291","NN","96328","97228","57.05439700","-3.7107730","Hill of the barn","M004","Deeside to Speyside - The Cairngorms"
"NN954976","Sgor an Lochan Uaine (The Angel's Peak)","1258","NN","95428","97693","57.05836900","-3.7257970","Peak of the little green loch","M005","Deeside to Speyside - The Cairngorms"
"NJ005040","Cairn Gorm","1244","NJ","00516","04065","57.11671400","-3.6444770","Blue hill","M006","Deeside to Speyside - The Cairngorms"
"NN196715","Aonach Beag","1234","NN","19707","71502","56.79999800","-4.9541210","Little hill","M007","Loch Linnhe to Loch Ericht"
"NN192729","Aonach Mor","1221","NN","19304","72961","56.81293200","-4.9617440","Big hill","M008","Loch Linnhe to Loch Ericht"
"NN177721","Carn Mor Dearg","1220","NN","17748","72172","56.80524600","-4.9866160","Big red hill","M009","Loch Linnhe to Loch Ericht"
"NN635414","Ben Lawers","1214","NN","63553","41424","56.54492200","-4.2208600","Gaelic labhar* meaning loud (from a stream)","M010","Loch Tay to Rannoch Moor"
"NJ092006","Beinn a' Bhuird","1197","NJ","09231","00621","57.08759000","-3.4993660","Table-hill","M011","Deeside to Speyside - The Cairngorms"
"NH123262","Carn Eighe","1183","NH","12357","26198","57.28771100","-5.1151270","File hill","M012","Glen Shiel to Loch Mullardoch"
"NJ024016","Beinn Mheadhoin","1182","NJ","02460","01695","57.09584900","-3.6114640","Middle hill","M013","Deeside to Speyside - The Cairngorms"
"NH120253","Mam Sodhail","1181","NH","12007","25332","57.27980100","-5.1202670","Hill of the barns","M014","Glen Shiel to Loch Mullardoch"
"NN262738","Stob Choire Claurigh","1177","NN","26196","73878","56.82378600","-4.8496240","Gaelic clamhras* meaning brawling or clamouring","M015","Loch Linnhe to Loch Ericht"
"NN432244","Ben More (Glen Dochart)","1174","NN","43275","24417","56.38595200","-4.5401030","Big hill","M016","Loch Fyne to Loch Tay"
"NJ131018","Ben Avon* Leabaoidh an Daimh Bhuide","1171","NJ","13194","01845","57.09934700","-3.4344220","Bed of the yellow stag","M017","Deeside to Speyside - The Cairngorms"
"NN434227","Stob Binnein","1165","NN","43481","22713","56.37072600","-4.5357530","Gaelic binnein* meaning peak","M018","Loch Fyne to Loch Tay"
"NN954922","Beinn Bhrotain","1157","NN","95412","92292","57.00986800","-3.7238130","Hill of the mastiff","M019","Deeside to Speyside - The Cairngorms"
"NO017980","Derry Cairngorm","1155","NO","01734","98032","57.06280100","-3.6220040","Blue hill of Derry","M020","Deeside to Speyside - The Cairngorms"
"NO243861","Lochnagar","1155","NO","24372","86138","56.96025400","-3.2452600","Little loch of the noisy sound (Lochan na Gaire)","M021","Glen Shee to Glen Esk"
"NH057228","Sgurr nan Ceathreamhnan","1151","NH","05702","22851","57.25491100","-5.2227320","Peak of the quarters","M022","Glen Shiel to Loch Mullardoch"
"NN143542","Bidean nam Bian","1150","NN","14341","54211","56.64276800","-5.0293350","Peak of the mountains","M023","Rannoch Moor to Loch Linnhe"
"NH160351","Sgurr na Lapaich","1150","NH","16103","35125","57.36931100","-5.0597260","Peak of the bog","M024","Loch Mullardoch to Glen Carron"
"NN496718","Ben Alder","1148","NN","49616","71855","56.81379600","-4.4650890","From the Alder Burn* meaning rock water","M025","Loch Linnhe to Loch Ericht"
"NN469746","Geal-Charn","1132","NN","46990","74629","56.83783600","-4.5097270","White hill","M026","Loch Linnhe to Loch Ericht"
"NN212663","Binnein Mor","1130","NN","21219","66350","56.75435800","-4.9257950","Big peak","M027","Loch Linnhe to Loch Ericht"
"NN266263","Ben Lui (Beinn Laoigh)","1130","NN","26635","26297","56.39701300","-4.8105100","Calf hill","M028","Loch Fyne to Loch Tay"
"NH133344","An Riabhachan","1129","NH","13363","34482","57.36242900","-5.1047280","The brindled greyish one","M029","Loch Mullardoch to Glen Carron"
"NN418875","Creag Meagaidh","1128","NN","41841","87546","56.95203300","-4.6020840","Bogland rock","M030","Speyside to Great Glen"
"NN069304","Ben Cruachan","1126","NN","06962","30472","56.42683900","-5.1318280","Stacky hill","M031","Rannoch Moor to Loch Linnhe"
"NN971733","Carn nan Gabhar","1121","NN","97119","73314","56.83983700","-3.6880060","Hill of the goats","M032","Drumochter to Glen Shee"
"NH094148","A' Chralaig","1120","NH","09431","14797","57.18424000","-5.1548420","The basket or creel","M033","Glen Shiel to Loch Mullardoch"
"NN639431","An Stuc","1118","NN","63890","43103","56.56009300","-4.2162580","The peak","M034","Loch Tay to Rannoch Moor"
"NN644436","Meall Garbh","1118","NN","64437","43757","56.56612200","-4.2077070","Rough hill","M035","Loch Tay to Rannoch Moor"
"NN902989","Sgor Gaoith","1118","NN","90300","98961","57.06856100","-3.8108560","Peak of wind","M036","Deeside to Speyside - The Cairngorms"
"NN457741","Aonach Beag","1116","NN","45786","74190","56.83349600","-4.5291810","Little hill","M037","Loch Linnhe to Loch Ericht"
"NN239725","Stob Coire an Laoigh","1116","NN","23984","72532","56.81087700","-4.8848910","Peak of the corrie of the calf","M038","Loch Linnhe to Loch Ericht"
"NN308730","Stob Coire Easain","1115","NN","30802","73065","56.81819000","-4.7737100","Peak of the corrie of the little waterfall","M039","Loch Linnhe to Loch Ericht"
"NN938942","Monadh Mor","1113","NN","93864","94216","57.02679000","-3.7501020","Big hill","M040","Deeside to Speyside - The Cairngorms"
"NH164273","Tom a' Choinich","1112","NH","16402","27335","57.29955400","-5.0489620","Hill of the moss","M041","Glen Shiel to Loch Mullardoch"
"NO226845","Carn a' Choire Boidheach","1110","NO","22673","84557","56.94577300","-3.2727070","Hill of the beautiful corrie","M042","Glen Shee to Glen Esk"
"NH203718","Sgurr Mor","1110","NH","20324","71818","57.70013400","-5.0167480","Big peak","M043","Loch Maree to Loch Broom"
"NH129138","Sgurr nan Conbhairean","1109","NH","12988","13895","57.17761300","-5.0954070","Peak of the keeper of the hounds","M044","Glen Shiel to Loch Mullardoch"
"NN250503","Meall a' Bhuiridh","1108","NN","25066","50346","56.61221800","-4.8520780","Hill of the bellowing (of stags)","M045","Rannoch Moor to Loch Linnhe"
"NN316736","Stob a' Choire Mheadhoin","1105","NN","31651","73644","56.82369300","-4.7602000","Peak of the middle corrie","M046","Loch Linnhe to Loch Ericht"
"NN625404","Beinn Ghlas","1103","NN","62529","40464","56.53600500","-4.2369770","Greenish-grey hill","M047","Loch Tay to Rannoch Moor"
"NN449733","Beinn Eibhinn","1102","NN","44965","73302","56.82525400","-4.5420820","Delightful hill","M048","Loch Linnhe to Loch Ericht"
"NH095171","Mullach Fraoch-choire","1102","NH","09489","17159","57.20545000","-5.1556910","Heather-corrie peak","M049","Glen Shiel to Loch Mullardoch"
"NN238506","Creise","1100","NN","23855","50645","56.61444900","-4.8719790","Unknown","M050","Rannoch Moor to Loch Linnhe"
"NN164667","Sgurr a' Mhaim","1099","NN","16465","66730","56.75592000","-5.0036900","Peak of the large rounded hill","M051","Loch Linnhe to Loch Ericht"
"NN227714","Sgurr Choinnich Mor","1094","NN","22772","71419","56.80043100","-4.9039430","Big peak of the moss","M052","Loch Linnhe to Loch Ericht"
"NH184715","Sgurr nan Clach Geala","1093","NH","18428","71474","57.69628700","-5.0482380","Peak of the white stones","M053","Loch Maree to Loch Broom"
"NJ041063","Bynack More","1090","NJ","04190","06373","57.13822000","-3.5847160","Obscure","M054","Deeside to Speyside - The Cairngorms"
"NN230455","Stob Ghabhar","1090","NN","23017","45515","56.56810300","-4.8820990","Goat peak","M055","Rannoch Moor to Loch Linnhe"
"NN471781","Beinn a' Chlachair","1087","NN","47122","78155","56.86952500","-4.5096840","Stonemason's hill","M056","Loch Linnhe to Loch Ericht"
"NH259811","Beinn Dearg","1084","NH","25933","81183","57.78635000","-4.9295570","Red hill","M057","Loch Broom to the Cromarty Firth"
"NJ045013","Beinn a' Chaorainn","1083","NJ","04515","01363","57.09329900","-3.5774350","Hill of the rowan","M058","Deeside to Speyside - The Cairngorms"
"NN713547","Schiehallion","1083","NN","71385","54769","56.66694200","-4.1002130","The fairly hill of the Caledonians","M059","Loch Tay to Rannoch Moor"
"NH259430","Sgurr a' Choire Ghlais","1083","NH","25835","43056","57.44428800","-4.9037570","Peak of the greenish-grey corrie","M060","Loch Mullardoch to Glen Carron"
"NN373440","Beinn a' Chreachain","1081","NN","37387","44075","56.56038200","-4.6476180","Hill of the rock* or hill of the clamshell","M061","Loch Tay to Rannoch Moor"
"NN413383","Beinn Heasgarnich","1078","NN","41380","38339","56.51027200","-4.5792180","Perhaps sheltering or peaceful hill","M062","Loch Tay to Rannoch Moor"
"NN125427","Ben Starav","1078","NN","12573","42716","56.53893900","-5.0497980","Unknown","M063","Rannoch Moor to Loch Linnhe"
"NN325378","Beinn Dorain","1076","NN","32555","37857","56.50288800","-4.7221420","Gaelic dobhran* hill of the streamlet","M064","Loch Tay to Rannoch Moor"
"NN154536","Stob Coire Sgreamach","1072","NN","15487","53665","56.63832200","-5.0102850","Peak of the dreadful corrie","M065","Rannoch Moor to Loch Linnhe"
"NN945724","Braigh Coire Chruinn-bhalgain","1070","NN","94563","72403","56.83108300","-3.7295050","Upland of the corrie of the round blisters","M066","Drumochter to Glen Shee"
"NH100332","An Socach","1069","NH","10061","33274","57.35022900","-5.1586030","The projecting place* or snout","M067","Loch Mullardoch to Glen Carron"
"NN615410","Meall Corranaich","1069","NN","61534","41047","56.54094600","-4.2534690","Notched* prickly hill","M068","Loch Tay to Rannoch Moor"
"NO167765","Glas Maol","1068","NO","16699","76576","56.87305900","-3.3682360","Greenish grey bare hill","M069","Glen Shee to Glen Esk"
"NG978166","Sgurr Fhuaran","1067","NG","97851","16677","57.19614200","-5.3476160","Obscure","M070","Glen Shiel to Loch Mullardoch"
"NO185788","Cairn of Claise","1064","NO","18548","78890","56.89417800","-3.3386540","Hill of the green grassy place","M071","Glen Shee to Glen Esk"
"NH068843","Bidean a' Ghlas Thuill (An Teallach)","1062","NH","06896","84366","57.80709800","-5.2517670","Peak of the greenish-grey hollow","M072","Loch Maree to Loch Broom"
"NH064837","Sgurr Fiona (An Teallach)","1060","NH","06406","83679","57.80072600","-5.2594430","Light coloured peak* or perhaps peak of wine","M073","Loch Maree to Loch Broom"
"NN203652","Na Gruagaichean","1056","NN","20307","65200","56.74368700","-4.9398750","The maidens","M074","Loch Linnhe to Loch Ericht"
"NG929579","Spidean a Choire Leith (Liathach)","1055","NG","92935","57970","57.56419800","-5.4635920","Peak of the grey corrie","M075","Glen Carron to Loch Maree"
"NN428888","Stob Poite Coire Ardair","1054","NN","42885","88844","56.96403700","-4.5857450","Peak of the pot of the high corrie","M076","Speyside to Great Glen"
"NH194282","Toll Creagach","1054","NH","19401","28280","57.30922700","-4.9999530","Rocky hollow","M077","Glen Shiel to Loch Mullardoch"
"NH087447","Sgurr a' Chaorachain","1053","NH","08749","44737","57.45249200","-5.1893000","Peak of the little field of the berries","M078","Loch Mullardoch to Glen Carron"
"NN386851","Beinn a' Chaorainn","1052","NN","38606","85064","56.92864300","-4.6536280","Hill of the rowan","M079","Speyside to Great Glen"
"NO051760","Glas Tulaichean","1051","NO","05104","76012","56.86576600","-3.5581800","From glas-thulchan* green hills","M080","Drumochter to Glen Shee"
"NN504811","Geal Charn","1049","NN","50432","81181","56.89776300","-4.4572360","White hill","M081","Loch Linnhe to Loch Ericht"
"NH235437","Sgurr Fuar-thuill","1049","NH","23580","43754","57.44968000","-4.9417800","Peak of the cold hollow","M082","Loch Mullardoch to Glen Carron"
"NO208843","Carn an t-Sagairt Mor","1047","NO","20810","84280","56.94297300","-3.3032270","Big hill of the priest","M083","Glen Shee to Glen Esk"
"NN391361","Creag Mhor","1047","NN","39151","36110","56.48951000","-4.6140210","Big rock","M084","Loch Tay to Rannoch Moor"
"NH463683","Ben Wyvis* Glas Leathad Mor","1046","NH","46295","68377","57.67889500","-4.5792820","Gaelic fuathas* meaning awesome hill","M085","Loch Broom to the Cromarty Firth"
"NN377741","Chno Dearg","1046","NN","37741","74115","56.83008600","-4.6608310","Red hill","M086","Loch Linnhe to Loch Ericht"
"NN409212","Cruach Ardrain","1046","NN","40927","21215","56.35642900","-4.5761510","Stack of the high part","M087","Loch Fyne to Loch Tay"
"NO045792","Beinn Iutharn Mhor","1045","NO","04566","79279","56.89499400","-3.5682290","Big hill of the edge-point","M088","Drumochter to Glen Shee"
"NN585390","Meall nan Tarmachan","1044","NN","58518","38998","56.52165500","-4.3013430","Hill of the ptarmigan","M089","Loch Tay to Rannoch Moor"
"NN169443","Stob Coire 'an Albannaich","1044","NN","16952","44305","56.55492100","-4.9798100","Peak of the corrie of the Scotsmen","M090","Rannoch Moor to Loch Linnhe"
"NN684512","Carn Mairg","1041","NN","68491","51263","56.63466200","-4.1456100","Hill of sorrow","M091","Loch Tay to Rannoch Moor"
"NM902966","Sgurr na Ciche","1040","NM","90223","96684","57.01345200","-5.4568540","Peak of the breast","M092","Loch Linnhe to Glen Shiel"
"NN514397","Meall Ghaordie","1039","NN","51442","39704","56.52580900","-4.4166540","Gaelic gairdean* meaning a shoulder"," arm"," hand"
"NN344432","Beinn Achaladair","1038","NN","34468","43242","56.55188700","-4.6945250","From Celtic meaning the field of hard water","M094","Loch Tay to Rannoch Moor"
"NN994951","Carn a' Mhaim","1037","NN","99457","95199","57.03687100","-3.6584000","Hill of the pass","M095","Deeside to Speyside - The Cairngorms"
"NH035143","Sgurr a' Bhealaich Dheirg","1036","NH","03517","14360","57.17782500","-5.2521770","Peak of the red pass","M096","Glen Shiel to Loch Mullardoch"
"NH039053","Gleouraich","1035","NH","03945","05345","57.09716300","-5.2380350","Possibly uproar or noise","M097","Loch Linnhe to Glen Shiel"
"NN504764","Carn Dearg","1034","NN","50416","76444","56.85524100","-4.4547090","Red hill","M098","Loch Linnhe to Loch Ericht"
"NN176650","Am Bodach","1032","NN","17637","65097","56.74172700","-4.9833930","The old man","M099","Loch Linnhe to Loch Ericht"
"NH018192","Beinn Fhada","1032","NH","01855","19253","57.22099300","-5.2835180","Long hill","M100","Glen Shiel to Loch Mullardoch"
"NN287253","Ben Oss","1029","NN","28761","25348","56.38927200","-4.7754880","Loch-outlet hill","M101","Loch Fyne to Loch Tay"
"NO028772","Carn an Righ","1029","NO","02871","77266","56.87656500","-3.5952720","Hill of the king","M102","Drumochter to Glen Shee"
"NN635500","Carn Gorm","1029","NN","63514","50069","56.62251900","-4.2260520","Blue hill","M103","Loch Tay to Rannoch Moor"
"NG983065","Sgurr a' Mhaoraich","1027","NG","98395","06551","57.10557300","-5.3304340","Peak of the shellfish","M104","Loch Linnhe to Glen Shiel"
"NG984149","Sgurr na Ciste Duibhe","1027","NG","98399","14953","57.18092300","-5.3371510","Peak of the black chest","M105","Glen Shiel to Loch Mullardoch"
"NN386322","Ben Challum","1025","NN","38685","32234","56.45456500","-4.6191830","Malcolm's hill","M106","Loch Tay to Rannoch Moor"
"NN056558","Sgorr Dhearg (Beinn a' Bheithir)","1024","NN","05684","55846","56.65392100","-5.1715100","Red peak","M107","Rannoch Moor to Loch Linnhe"
"NG912577","Mullach an Rathain (Liathach)","1023","NG","91185","57691","57.56089100","-5.4925500","Summit of the row of pinnacles","M108","Glen Carron to Loch Maree"
"NH050083","Aonach air Chrith","1021","NH","05103","08354","57.12464000","-5.2212910","Trembling hill","M109","Loch Linnhe to Glen Shiel"
"NN222542","Buachaille Etive Mor* Stob Dearg","1021","NN","22265","54254","56.64622900","-4.9003360","Big herdsman of Etive* red peak","M110","Rannoch Moor to Loch Linnhe"
"NG823039","Ladhar Bheinn","1020","NG","82400","03983","57.07526300","-5.5917450","Hoof or claw hill","M111","Loch Linnhe to Glen Shiel"
"NN516717","Beinn Bheoil","1019","NN","51717","71722","56.81327600","-4.4306460","Hill of the mouth","M112","Loch Linnhe to Loch Ericht"
"NO174804","Carn an Tuirc","1019","NO","17454","80483","56.90828300","-3.3571250","Hill of the boar","M113","Glen Shee to Glen Esk"
"NN883927","Mullach Clach a' Bhlair","1019","NN","88286","92702","57.01187900","-3.8412710","Summit of the stone of the plain","M114","Deeside to Speyside - The Cairngorms"
"NH052735","Mullach Coire Mhic Fhearchair","1018","NH","05206","73511","57.70902200","-5.2713420","Summit of the corrie of Farquhar's son","M115","Loch Maree to Loch Broom"
"NM909961","Garbh Chioch Mhor","1013","NM","90955","96101","57.00855600","-5.4443380","Big rough place of the breast","M116","Loch Linnhe to Glen Shiel"
"NO222825","Cairn Bannoch","1012","NO","22288","82554","56.92771900","-3.2784020","Hill of the point","M117","Glen Shee to Glen Esk"
"NN255084","Ben Ime","1011","NN","25495","08491","56.23682000","-4.8171590","Butter hill","M118","Loch Fyne to Loch Tay"
"NN579739","Beinn Udlamain","1011","NN","57949","73978","56.83547200","-4.3299130","Gloomy mountain","M119","Loch Ericht to Drumochter"
"NG951611","Beinn Eighe (Ruadh-stac Mor)","1010","NG","95142","61152","57.59373500","-5.4294540","File hill (big red peak)","M120","Glen Carron to Loch Maree"
"NG936131","The Saddle","1010","NG","93610","13124","57.16239500","-5.4147210","The Saddle","M121","Loch Linnhe to Glen Shiel"
"NH015099","Sgurr an Doire Leathain","1010","NH","01524","09888","57.13686100","-5.2815300","Peak of the broad thicket","M122","Loch Linnhe to Glen Shiel"
"NN230657","Sgurr Eilde Mor","1010","NN","23053","65789","56.75002400","-4.8954530","Big peak of the hind","M123","Loch Linnhe to Loch Ericht"
"NN852777","Beinn Dearg","1008","NN","85296","77800","56.87734600","-3.8837190","Red hill","M124","Drumochter to Glen Shee"
"NN933836","An Sgarsoch","1006","NN","93334","83665","56.93192800","-3.7543670","The place of the sharp rocks","M125","Drumochter to Glen Shee"
"NN472903","Carn Liath","1006","NN","47227","90326","56.97878400","-4.5153050","Grey hill","M126","Speyside to Great Glen"
"NH135458","Maoile Lunndaidh","1005","NH","13506","45853","57.46447700","-5.1110020","Bare hill of the wet place","M127","Loch Mullardoch to Glen Carron"
"NH115282","Beinn Fhionnlaidh","1005","NH","11560","28274","57.30600400","-5.1299110","Finlay's hill","M128","Glen Shiel to Loch Mullardoch"
"NN331408","Beinn an Dothaidh","1004","NN","33179","40866","56.53011300","-4.7139470","Hill of the scorching or singeing","M129","Loch Tay to Rannoch Moor"
"NN976951","The Devil's Point","1004","NN","97610","95117","57.03572800","-3.6887880","Penis of the demon","M130","Deeside to Speyside - The Cairngorms"
"NH005104","Sgurr an Lochain","1004","NH","00580","10421","57.14123200","-5.2975270","Peak of the little loch","M131","Loch Linnhe to Glen Shiel"
"NM965980","Sgurr Mor","1003","NM","96535","98040","57.02843700","-5.3541880","Big peak","M132","Loch Linnhe to Glen Shiel"
"NH133154","Sail Chaorainn","1002","NH","13320","15462","57.19180400","-5.0910980","Hill of the rowan","M133","Glen Shiel to Loch Mullardoch"
"NG977158","Sgurr na Carnach","1002","NG","97714","15890","57.18902500","-5.3492240","Stony peak","M134","Glen Shiel to Loch Mullardoch"
"NH049137","Aonach Mheadhoin","1001","NH","04885","13766","57.17308200","-5.2291210","Middle hill","M135","Glen Shiel to Loch Mullardoch"
"NN674438","Meall Greigh","1001","NN","67401","43808","56.56742600","-4.1595430","Hill of horse studs","M136","Loch Tay to Rannoch Moor"
"NN040555","Sgorr Dhonuill (Beinn a' Bheithir)","1001","NN","04058","55540","56.65049900","-5.1977570","Donald's peak","M137","Rannoch Moor to Loch Linnhe"
"NH158711","Sgurr Breac","999","NH","15816","71120","57.69205000","-5.0917220","Speckled peak","M138","Loch Maree to Loch Broom"
"NH076446","Sgurr Choinnich","999","NH","07625","44627","57.45102600","-5.2079160","Moss peak","M139","Loch Mullardoch to Glen Carron"
"NN147654","Stob Ban","999","NN","14776","65442","56.74369700","-5.0303430","White peak","M140","Loch Linnhe to Loch Ericht"
"NC318201","Ben More Assynt","998","NC","31831","20151","58.13817300","-4.8581920","Big hill of Assynt (Norse: ass* a rocky ridge)","M141","Loch Broom to the Pentland Firth"
"NO240815","Broad Cairn","998","NO","24056","81567","56.91914800","-3.2490660","Broad cairn","M142","Glen Shee to Glen Esk"
"NN094308","Stob Diamh","998","NN","09482","30858","56.43132700","-5.0913190","Peak of the stag","M143","Rannoch Moor to Loch Linnhe"
"NH136714","A' Chailleach","997","NH","13620","71414","57.69378200","-5.1287300","The old woman","M144","Loch Maree to Loch Broom"
"NN153429","Glas Bheinn Mhor","997","NN","15329","42984","56.54243400","-5.0052360","Big greenish-grey hill","M145","Rannoch Moor to Loch Linnhe"
"NH066043","Spidean Mialach","996","NH","06592","04306","57.08896400","-5.1936140","Peak of deer or other wild animals","M146","Loch Linnhe to Glen Shiel"
"NN378193","An Caisteal","995","NN","37873","19343","56.33860000","-4.6243680","The castle","M147","Loch Fyne to Loch Tay"
"NN904842","Carn an Fhidhleir","994","NN","90468","84184","56.93591900","-3.8016610","Hill of the fiddler","M148","Drumochter to Glen Shee"
"NN111518","Sgor na h-Ulaidh","994","NN","11116","51796","56.61981300","-5.0800780","Peak of the treasure","M149","Rannoch Moor to Loch Linnhe"
"NG966597","Spidean Coire nan Clach (Beinn Eighe)","993","NG","96615","59780","57.58209800","-5.4037060","Peak of the stony corrie","M150","Glen Carron to Loch Maree"
"NH288426","Sgurr na Ruaidhe","993","NH","28900","42615","57.44149700","-4.8524650","Peak of the redness","M151","Loch Mullardoch to Glen Carron"
"NH181343","Carn nan Gobhar (Glen Cannich)","992","NH","18188","34362","57.36330400","-5.0245440","Hill of the goats","M152","Loch Mullardoch to Glen Carron"
"NH273439","Carn nan Gobhar (Glen Strathfarrar)","992","NH","27303","43890","57.45233100","-4.8799350","Hill of the goats","M153","Loch Mullardoch to Glen Carron"
"NG450207","Sgurr Alasdair","992","NG","45002","20784","57.20659800","-6.2241440","Alexander's peak (after Sherriff Alexander Nicholson)","M154","The Islands"
"NN598731","Sgairneach Mhor","991","NN","59882","73130","56.82844700","-4.2977920","Big stony hillside","M155","Loch Ericht to Drumochter"
"NN135328","Beinn Eunaich","989","NN","13562","32797","56.45035200","-5.0266390","Fowling hill","M156","Rannoch Moor to Loch Linnhe"
"NH055745","Sgurr Ban (Letterewe)","989","NH","05581","74554","57.71853800","-5.2659030","White peak","M157","Loch Maree to Loch Broom"
"NC303199","Conival","987","NC","30330","19938","58.13568900","-4.8834970","Hill of the dog or hill of the meeting","M158","Loch Broom to the Pentland Firth"
"NO154745","Creag Leachach","987","NO","15468","74548","56.85463100","-3.3877510","Slabby rock","M159","Glen Shee to Glen Esk"
"NH074084","Druim Shionnach","987","NH","07440","08484","57.12679400","-5.1828570","Ridge of the fox","M160","Loch Linnhe to Glen Shiel"
"NN002875","Gulvain","987","NN","00267","87574","56.93620200","-5.2845260","Gaelic gaorr (filth) or gaoir (noise)","M161","Loch Linnhe to Glen Shiel"
"NG865613","Sgurr Mhor (Beinn Alligin)","986","NG","86565","61270","57.59082000","-5.5727640","Possibly jewelled hill","M162","Glen Carron to Loch Maree"
"NH065404","Lurg Mhor","986","NH","06481","40451","57.41309100","-5.2236500","Big ridge stretching into the plain","M163","Loch Mullardoch to Glen Carron"
"NG444215","Sgurr Dearg (The Inaccessible Pinnacle)","986","NG","44404","21566","57.21327000","-6.2348190","Red peak","M164","The Islands"
"NN629189","Ben Vorlich (by Loch Earn)","985","NN","62911","18916","56.34268000","-4.2194640","Hill of the bay","M165","Loch Fyne to Loch Tay"
"NN187669","An Gearanach","982","NN","18772","66989","56.75914300","-4.9662030","The complainer","M166","Loch Linnhe to Loch Ericht"
"NH080259","Mullach na Dheiragain","982","NH","08044","25917","57.28339900","-5.1863500","Perhaps summit of the hawk","M167","Glen Shiel to Loch Mullardoch"
"NH032087","Maol Chinn-dearg","981","NH","03221","08769","57.12756000","-5.2526510","Bald red head","M168","Loch Linnhe to Glen Shiel"
"NN694496","Meall nan Aighean","981","NN","69477","49668","56.62061800","-4.1287400","Big rock","M169","Loch Tay to Rannoch Moor"
"NH004690","Slioch - North Top","981","NH","00468","69076","57.66717600","-5.3470470","From the Gaelic sleacgh* a spear","M170","Loch Maree to Loch Broom"
"NN185660","Stob Coire a' Chairn","981","NN","18559","66062","56.75074400","-4.9690250","Peak of the corrie of the cairn","M171","Loch Linnhe to Loch Ericht"
"NN109328","Beinn a' Chochuill","980","NN","10978","32849","56.44979000","-5.0685360","Hill of the hood or shell","M172","Rannoch Moor to Loch Linnhe"
"NH062166","Ciste Dhubh","979","NH","06237","16619","57.19924300","-5.2090160","Black chest","M173","Glen Shiel to Loch Mullardoch"
"NN356743","Stob Coire Sgriodain","979","NN","35669","74380","56.83173600","-4.6949170","Peak of the corrie of the scree","M174","Loch Linnhe to Loch Ericht"
"NN307254","Beinn Dubhchraig","978","NN","30763","25494","56.39130400","-4.7431940","Black-rock hill","M175","Loch Fyne to Loch Tay"
"NH274816","Cona' Mheall","978","NH","27510","81641","57.79106800","-4.9034000","Hill of the dog or hill of the meeting","M176","Loch Broom to the Cromarty Firth"
"NH257825","Meall nan Ceapraichean","977","NH","25727","82547","57.79850500","-4.9340110","Ceap* meaning a back or hilltop","M177","Loch Broom to the Cromarty Firth"
"NN266723","Stob Ban","977","NN","26669","72394","56.81064700","-4.8408760","White peak","M178","Loch Linnhe to Loch Ericht"
"NN604762","A' Mharconaich","975","NN","60423","76292","56.85699300","-4.2906680","The horse place","M179","Loch Ericht to Drumochter"
"NO107767","Carn a' Gheoidh","975","NO","10703","76700","56.87306500","-3.4666160","Hill of the goose","M180","Drumochter to Glen Shee"
"NN936698","Carn Liath","975","NN","93606","69831","56.80777000","-3.7441060","Grey hill","M181","Drumochter to Glen Shee"
"NN617174","Stuc a' Chroin","975","NN","61746","17465","56.32931500","-4.2375330","Peak of harm or danger","M182","Loch Fyne to Loch Tay"
"NG835126","Beinn Sgritheall","974","NG","83587","12683","57.15382400","-5.5797280","Probably scree or gravel hill","M183","Loch Linnhe to Glen Shiel"
"NN367028","Ben Lomond","974","NN","36707","02862","56.19028400","-4.6330080","Beacon hill","M184","Loch Fyne to Loch Tay"
"NG445232","Sgurr a' Ghreadhaidh","973","NG","44524","23123","57.22728600","-6.2344380","Peak of torment/anxiety","M185","The Islands"
"NN647517","Meall Garbh","968","NN","64708","51685","56.63737200","-4.2074560","Rough hill","M186","Loch Tay to Rannoch Moor"
"NH007749","A' Mhaighdean","967","NH","00776","74912","57.71964400","-5.3467200","The maiden","M187","Loch Maree to Loch Broom"
"NN140583","Sgorr nam Fiannaidh (Aonach Eagach)","967","NN","14043","58306","56.67938700","-5.0371430","Peak of the Fian warriors","M188","Rannoch Moor to Loch Linnhe"
"NM525330","Ben More","966","NM","52576","33078","56.42482900","-6.0140150","Big hill","M189","The Islands"
"NG440224","Sgurr na Banachdich","965","NG","44047","22447","57.22096400","-6.2416200","Perhaps from banachdag* a milkmaid","M190","The Islands"
"NG471252","Sgurr nan Gillean","964","NG","47161","25301","57.24826200","-6.1930980","Peak of the young men","M191","The Islands"
"NN915758","Carn a' Chlamain","963","NN","91591","75807","56.86096800","-3.7796290","Hill of the kite or buzzard","M192","Drumochter to Glen Shee"
"NM939879","Sgurr Thuilm","963","NM","93906","87980","56.93705600","-5.3892070","Peak of the rounded hillock","M193","Loch Linnhe to Glen Shiel"
"NC585299","Ben Klibreck","962","NC","58530","29921","58.23520200","-4.4111300","Hill of the speckled cliff","M194","Loch Broom to the Pentland Firth"
"NG959505","Sgorr Ruadh","962","NG","95907","50506","57.49862200","-5.4077470","Red peak","M195","Glen Carron to Loch Maree"
"NN148405","Beinn nan Aighenan","960","NN","14852","40528","56.52022100","-5.0112330","Hill of the hinds","M196","Rannoch Moor to Loch Linnhe"
"NN483448","Stuchd an Lochain","960","NN","48304","44840","56.57090700","-4.4706190","Peak of the little loch","M197","Loch Tay to Rannoch Moor"
"NN095497","Beinn Fhionnlaidh","959","NN","09509","49769","56.60097900","-5.1047330","Finlay's hill","M198","Rannoch Moor to Loch Linnhe"
"NN431321","Meall Glas","959","NN","43148","32194","56.45571200","-4.5468210","Greenish-grey hill","M199","Loch Tay to Rannoch Moor"
"NG461252","Bruach na Frithe","958","NG","46084","25200","57.24676100","-6.2107950","Slope of the deer forest","M200","The Islands"
"NN179535","Buachaille Etive Beag* Stob Dubh","958","NN","17910","53540","56.63815000","-4.9707460","Small herdsman of Etive* black peak","M201","Rannoch Moor to Loch Linnhe"
"NO210800","Tolmount","958","NO","21050","80018","56.90473300","-3.2979460","Doll mounth or hill (leading to Glen Doll)","M202","Glen Shee to Glen Esk"
"NH145125","Carn Ghluasaid","957","NH","14576","12522","57.16595000","-5.0681580","Hill of movement","M203","Glen Shiel to Loch Mullardoch"
"NO213787","Tom Buidhe","957","NO","21367","78774","56.89361500","-3.2923560","Yellow hill","M204","Glen Shee to Glen Esk"
"NH017148","Saileag","956","NH","01774","14828","57.18127300","-5.2813320","Little heel","M205","Glen Shiel to Loch Mullardoch"
"NM902880","Sgurr nan Coireachean","956","NM","90290","88013","56.93572800","-5.4485510","Peak of the corries","M206","Loch Linnhe to Glen Shiel"
"NN190525","Buachaille Etive Mor* Stob na Broige","956","NN","19072","52568","56.62988000","-4.9511510","Peak of the shoe","M207","Rannoch Moor to Loch Linnhe"
"NN444674","Sgor Gaibhre","955","NN","44477","67447","56.77254400","-4.5464980","Goat's peak","M208","Loch Linnhe to Loch Ericht"
"NH219724","Beinn Liath Mhor Fannaich","954","NH","21960","72411","57.70610400","-4.9897760","Big grey hill of Fannich","M209","Loch Maree to Loch Broom"
"NH303793","Am Faochagach","953","NH","30361","79372","57.77180100","-4.8538990","The place of the shells","M210","Loch Broom to the Cromarty Firth"
"NN373411","Beinn Mhanach","953","NN","37370","41140","56.53404000","-4.6460590","Monk hill","M211","Loch Tay to Rannoch Moor"
"NN161583","Meall Dearg (Aonach Eagach)","953","NN","16124","58363","56.68072000","-5.0032710","Red hill","M212","Rannoch Moor to Loch Linnhe"
"NM933958","Sgurr nan Coireachan","953","NM","93308","95827","57.00715800","-5.4054400","Peak of the corries","M213","Loch Linnhe to Glen Shiel"
"NN716878","Meall Chuaich","951","NN","71649","87834","56.96385100","-4.1125520","Hill of the quaich","M214","Loch Ericht to Drumochter"
"NH221696","Meall Gorm","949","NH","22192","69584","57.68083700","-4.9838010","Blue hill","M215","Loch Maree to Loch Broom"
"NN203187","Beinn Bhuidhe","948","NN","20368","18717","56.32666200","-4.9067220","Yellow hill","M216","Loch Fyne to Loch Tay"
"NG450210","Sgurr Mhic Choinnich","948","NG","45021","21047","57.20896400","-6.2241000","MacKenzie's peak (after John MacKenzie* Cuillin guide)","M217","The Islands"
"NH087077","Creag a' Mhaim","947","NH","08790","07772","57.12097100","-5.1600480","Rock of the large rounded hill","M218","Loch Linnhe to Glen Shiel"
"NO271735","Driesh","947","NO","27117","73590","56.84800300","-3.1965230","From the Gaelic dris* a thorn bush or bramble","M219","Glen Shee to Glen Esk"
"NN416196","Beinn Tulaichean","946","NN","41660","19604","56.34221600","-4.5633300","Hill of the hillocks","M220","Loch Fyne to Loch Tay"
"NO051832","Carn Bhac","946","NO","05104","83225","56.93054100","-3.5608800","Hill of peat-banks","M221","Drumochter to Glen Shee"
"NM849989","Meall Buidhe","946","NM","84898","98977","57.03155200","-5.5463340","Yellow hill","M222","Loch Linnhe to Glen Shiel"
"NG946113","Sgurr na Sgine","946","NG","94618","11368","57.14709800","-5.3966340","Peak of the knife","M223","Loch Linnhe to Glen Shiel"
"NH049412","Bidean a' Choire Sheasgaich","945","NH","04906","41265","57.41971800","-5.2504730","Peak of the corrie of the barren or milkless cattle","M224","Loch Mullardoch to Glen Carron"
"NH635023","Carn Dearg","945","NH","63568","02398","57.09226100","-4.2532460","Red hill","M225","Speyside to Great Glen"
"NN257459","Stob a' Choire Odhair","945","NN","25731","45982","56.57330800","-4.8383020","Peak of the dun-coloured corrie","M226","Rannoch Moor to Loch Linnhe"
"NO079799","An Socach","944","NO","07939","80016","56.90229500","-3.5131480","The projecting place (beak or snout)","M227","Drumochter to Glen Shee"
"NG457205","Sgurr Dubh Mor","944","NG","45758","20547","57.20489400","-6.2114210","Big black peak","M228","The Islands"
"NN295124","Ben Vorlich","943","NN","29509","12475","56.27403000","-4.7550470","Hill of the bay","M229","Loch Fyne to Loch Tay"
"NN221677","Binnean Beag","943","NN","22179","67717","56.76699000","-4.9110650","Small peak","M230","Loch Linnhe to Loch Ericht"
"NN387185","Beinn a' Chroin","942","NN","38755","18573","56.33198700","-4.6096380","Hill of harm or danger","M231","Loch Fyne to Loch Tay"
"NN417661","Carn Dearg","941","NN","41773","66143","56.75993100","-4.5898880","Red hill","M232","Loch Linnhe to Loch Ericht"
"NN677821","Carn na Caim","941","NN","67700","82153","56.91173900","-4.1744780","Cairn of the curve","M233","Loch Ericht to Drumochter"
"NG869007","Luinne Bheinne","939","NG","86979","00740","57.04832500","-5.5136070","Hill of anger* or hill of mirth or melody","M234","Loch Linnhe to Glen Shiel"
"NO409869","Mount Keen","939","NO","40905","86927","56.96975100","-2.9736220","Gaelic monadh* meaning hill","M235","Glen Shee to Glen Esk"
"NN122662","Mullach na Coirean","939","NN","12237","66243","56.74986700","-5.0723810","Summit of the corries","M236","Loch Linnhe to Loch Ericht"
"NN053460","Beinn Sgulaird","937","NN","05303","46088","56.56623200","-5.1703650","Unknown","M237","Rannoch Moor to Loch Linnhe"
"NH039728","Beinn Tarsuinn","937","NH","03962","72794","57.70205200","-5.2916010","Transverse hill","M238","Loch Maree to Loch Broom"
"NN222945","Sron a' Choire Ghairbh","937","NN","22246","94560","57.00783900","-4.9287630","Nose of the rough corrie","M239","Loch Linnhe to Glen Shiel"
"NN660776","A' Bhuidheanach Bheag","936","NN","66069","77600","56.87039900","-4.1988390","The little yellow place","M240","Loch Ericht to Drumochter"
"NN376695","Beinn na Lap","935","NN","37616","69585","56.78939000","-4.6599940","Mottled hill","M241","Loch Linnhe to Loch Ericht"
"NG465253","Am Basteir","934","NG","46563","25301","57.24793100","-6.2029820","Obscure but probably NOT the executioner","M242","The Islands"
"NH184733","Meall a' Chrasgaidh","934","NH","18483","73321","57.71287600","-5.0487260","Hill of the crossing","M243","Loch Maree to Loch Broom"
"NN367179","Beinn Chabhair","933","NN","36760","17957","56.32577500","-4.6414850","Possibly hill of the hawk","M244","Loch Fyne to Loch Tay"
"NO134773","The Cairnwell","933","NO","13486","77358","56.87950200","-3.4211980","From Gaelic Carn Bhalg* hill of bags","M245","Drumochter to Glen Shee"
"NH147621","Fionn Bheinn","933","NH","14749","62149","57.61114800","-5.1027130","Pale-coloured hill","M246","Loch Maree to Loch Broom"
"NG924499","Maol Chean-dearg","933","NG","92406","49911","57.49169700","-5.4655490","Bald red head","M247","Glen Carron to Loch Maree"
"NN498499","Meall Buidhe","932","NN","49840","49947","56.61724000","-4.4486080","Yellow hill","M248","Loch Tay to Rannoch Moor"
"NO058971","Beinn Bhreac","931","NO","05870","97074","57.05506300","-3.5534710","Speckled hill","M249","Deeside to Speyside - The Cairngorms"
"NN773308","Ben Chonzie (Ben-y-Hone)","931","NN","77324","30857","56.45385100","-3.9920570","Probably mossy hill","M250","Loch Fyne to Loch Tay"
"NH681041","A' Chailleach","930","NH","68110","04178","57.10956400","-4.1792850","The old woman","M251","Speyside to Great Glen"
"NG529217","Bla Bheinn (Blaven)","928","NG","52990","21743","57.21956500","-6.0932100","Blue hill* or possibly warm hill","M252","The Islands"
"NO240737","Mayar","928","NO","24081","73749","56.84893600","-3.2463160","Meaning obscure","M253","Glen Shee to Glen Esk"
"NN192449","Meall nan Eun","928","NN","19250","44903","56.56117700","-4.9428930","Hill of the birds","M254","Rannoch Moor to Loch Linnhe"
"NH101499","Moruisg","928","NH","10114","49939","57.49971200","-5.1706300","Big water","M255","Loch Mullardoch to Glen Carron"
"NC477501","Ben Hope","927","NC","47750","50151","58.41311300","-4.6078600","Hill of the bay","M256","Loch Broom to the Pentland Firth"
"NH257842","Eididh nan Clach Geala","927","NH","25787","84215","57.81349200","-4.9342180","Web of the white stones","M257","Loch Broom to the Cromarty Firth"
"NG964519","Beinn Liath Mhor","926","NG","96409","51981","57.51207400","-5.4006170","Big grey hill","M258","Glen Carron to Loch Maree"
"NN271066","Beinn Narnain","926","NN","27168","06654","56.22094700","-4.7890020","Unknown","M259","Loch Fyne to Loch Tay"
"NN561987","Geal Charn","926","NN","56144","98768","57.05741800","-4.3735720","White hill","M260","Speyside to Great Glen"
"NN612439","Meall a' Choire Leith","926","NN","61248","43882","56.56631200","-4.2596250","Hill of the grey corrie","M261","Loch Tay to Rannoch Moor"
"NH281878","Seana Bhraigh","926","NH","28181","87884","57.84733000","-4.8966200","Old upper part","M262","Loch Broom to the Cromarty Firth"
"NN191548","Buachaille Etive Beag* Stob Coire Raineach","925","NN","19135","54801","56.64993800","-4.9516860","Ferny corrie peak","M263","Rannoch Moor to Loch Linnhe"
"NN487814","Creag Pitridh","924","NN","48752","81459","56.89971300","-4.4849550","Meaning uncertain* perhaps from the surname Petrie","M264","Loch Linnhe to Loch Ericht"
"NG457195","Sgurr nan Eag","924","NG","45705","19536","57.19581000","-6.2112640","Peak of the notches","M265","The Islands"
"NH241680","An Coileachan","923","NH","24172","68024","57.66762500","-4.9494980","The little cock","M266","Loch Maree to Loch Broom"
"NH184697","Sgurr nan Each","923","NH","18464","69770","57.68101700","-5.0463510","Peak of the horses","M267","Loch Maree to Loch Broom"
"NG859601","Tom na Gruagaich (Beinn Alligin)","922","NG","85958","60153","57.58051900","-5.5819120","Hill of the maiden","M268","Glen Carron to Loch Maree"
"NH088230","An Socach","921","NH","08817","22997","57.25753300","-5.1712930","The snout","M269","Glen Shiel to Loch Mullardoch"
"NN462317","Sgiath Chuil","921","NN","46290","31793","56.45314900","-4.4956530","Back wing","M270","Loch Tay to Rannoch Moor"
"NH683058","Carn Sgulain","920","NH","68302","05821","57.12437100","-4.1769860","Hill of the basket* or of the old man","M271","Speyside to Great Glen"
"NN025995","Gairich","919","NN","02589","99580","57.04487900","-5.2558270","Roaring","M272","Loch Linnhe to Glen Shiel"
"NH018756","Ruadh Stac Mor","919","NH","01853","75655","57.72678100","-5.3292880","Big red peak","M273","Loch Maree to Loch Broom"
"NH008230","A' Ghlas-bheinn","918","NH","00822","23105","57.25509000","-5.3036870","The greenish-grey hill","M274","Glen Shiel to Loch Mullardoch"
"NG983111","Creag nan Damh","918","NG","98370","11201","57.14726300","-5.3345970","Rock of the stags","M275","Loch Linnhe to Glen Shiel"
"NN220924","Meall na Teanga","918","NN","22025","92478","56.98907500","-4.9309270","Hill of the tongue","M276","Loch Linnhe to Glen Shiel"
"NG446235","Sgurr a' Mhadaidh","918","NG","44700","23512","57.23086900","-6.2319310","Peak of the fox","M277","The Islands"
"NN596782","Geal-charn","917","NN","59644","78261","56.87443300","-4.3045190","White hill","M278","Loch Ericht to Drumochter"
"NN250256","Beinn a' Chleibh","916","NN","25054","25606","56.39023100","-4.8356320","Hill of the creel or chest","M279","Loch Fyne to Loch Tay"
"NN277098","Ben Vane","916","NN","27754","09844","56.24978600","-4.7816390","Middle hill","M280","Loch Fyne to Loch Tay"
"NO134792","Carn Aosda","915","NO","13397","79164","56.89569600","-3.4232740","Hill of age","M281","Drumochter to Glen Shee"
"NN361859","Beinn Teallach","915","NN","36136","85973","56.93592800","-4.6947570","Forge hill","M282","Speyside to Great Glen"
